chunk_size,chunk_overlap,faithfulness,context_precision,context_recall
1000,200,0.5333333333333333,0.4871693121563589,0.6666666666666666
