chunk_size,chunk_overlap,faithfulness,context_precision,context_recall
512,50,0.75,0.62499999996875,1.0
768,115,0.75,0.8333333332993056,1.0
1024,200,0.8295454545454546,0.9166666666208333,1.0
